<ImportExportXml xmlns:xsi="http://www.w3.org/2001/XMLSchema-instance">
  <Entities></Entities>
  <Roles></Roles>
  <Workflows></Workflows>
  <FieldSecurityProfiles></FieldSecurityProfiles>
  <Templates />
  <EntityMaps />
  <EntityRelationships />
  <OrganizationSettings />
  <optionsets />
  <CustomControls />
  <EntityDataProviders />
  <CanvasApps>
    <CanvasApp>
      <Name>poweraz_covidscreeningapp_f4d3f</Name>
      <AppVersion>2020-06-09T06:41:18Z</AppVersion>
      <Status>Ready</Status>
      <CreatedByClientVersion>3.20053.24.0</CreatedByClientVersion>
      <MinClientVersion>3.20053.24.0</MinClientVersion>
      <Tags>{"primaryDeviceWidth":"640","primaryDeviceHeight":"1136","sienaVersion":"20200605T035955Z-3.20053.24.0","deviceCapabilities":"","supportsPortrait":"true","supportsLandscape":"false","primaryFormFactor":"Phone","publisherVersion":"3.20053.24","minimumRequiredApiVersion":"2.2.0","hasComponent":"false","hasUnlockedComponent":"false","isUnifiedRootApp":"false"}</Tags>
      <IsCdsUpgraded>0</IsCdsUpgraded>
      <GalleryItemId xsi:nil="true"></GalleryItemId>
      <BackgroundColor>rgba(0, 176, 240, 1)</BackgroundColor>
      <DisplayName>COVID Screening App</DisplayName>
      <Description></Description>
      <CommitMessage></CommitMessage>
      <Publisher></Publisher>
      <AuthorizationReferences xsi:nil="true"></AuthorizationReferences>
      <ConnectionReferences>{"d28ce06e-4ab0-4466-99fa-4f78a16f7a6f":{"id":"/providers/microsoft.powerapps/apis/shared_covid-20screening-20api-5fe997fc63a00e182d-5f1f3ccb37a57a8c05","displayName":"COVID Screening API","iconUri":"https://az787822.vo.msecnd.net/defaulticons/api-dedicated.png","dataSources":["COVIDScreeningApi"],"dependencies":[],"dependents":[],"parameterHints":{},"isOnPremiseConnection":false,"bypassConsent":false,"dataSets":{},"apiTier":"Standard"}}</ConnectionReferences>
      <DatabaseReferences>{"default.cds":{"databaseDetails":{"referenceType":"Environmental","environmentName":"default.cds"},"dataSources":{"43b0dc67-68af-47ae-9a9c-9e69d396ba3e":{"entitySetName":"msdyn_aimodels","logicalName":"msdyn_aimodel"}}}}</DatabaseReferences>
      <CanvasAppType>0</CanvasAppType>
      <BypassConsent>0</BypassConsent>
      <AdminControlBypassConsent>0</AdminControlBypassConsent>
      <EmbeddedApp xsi:nil="true"></EmbeddedApp>
      <IntroducedVersion>1.0</IntroducedVersion>
      <CdsDependencies>{"cdsdependencies":[{"logicalname":"msdyn_aimodel","componenttype":1}]}</CdsDependencies>
      <BackgroundImageUri>/CanvasApps/poweraz_covidscreeningapp_f4d3f_BackgroundImageUri</BackgroundImageUri>
      <DocumentUri>/CanvasApps/poweraz_covidscreeningapp_f4d3f_DocumentUri.msapp</DocumentUri>
    </CanvasApp>
  </CanvasApps>
  <Connectors>
    <Connector>
      <connectorid>aa9f45ca-0927-4184-ab6f-86f9fd0f8027</connectorid>
      <description></description>
      <displayname>COVID Screening API</displayname>
      <iconbrandcolor>#663399</iconbrandcolor>
      <name>poweraz_COVIDScreeningAPI</name>
      <connectortype>1</connectortype>
      <openapidefinition>/Connector/poweraz_COVIDScreeningAPI_openapidefinition.json</openapidefinition>
      <connectionparameters>/Connector/poweraz_COVIDScreeningAPI_connectionparameters.json</connectionparameters>
      <policytemplateinstances>/Connector/poweraz_COVIDScreeningAPI_policytemplateinstances.json</policytemplateinstances>
    </Connector>
  </Connectors>
  <Languages>
    <Language>1033</Language>
  </Languages>
</ImportExportXml>